Model,Accuracy,Precision,Recall,F1 Score,ROC-AUC
Random Forest,0.9828923811418341,0.47058823529411764,0.19047619047619047,0.2711864406779661,0.7338311513154726
Decision Tree,0.9703600556992242,0.1717171717171717,0.20238095238095238,0.18579234972677597,0.5927947650838608
Gradient Boosting,0.9842848617465685,1.0,0.05952380952380952,0.11235955056179775,0.7107284953228712
Logistic Regression,0.6395464491744579,0.02735229759299781,0.5952380952380952,0.05230125523012552,0.6668196005895783
