Model,CV_F1_Mean,CV_F1_STD
Logistic Regression,0.05116109982002696,0.0036037823299387046
Random Forest,0.14551219765484077,0.023713449775246427
Random Forest (RandomizedSearchCV),0.2004906787376012,0.012374325741882797
